timestamp,sensor_id,sensor_name,value,unit
2025-05-25T04:44:51.496027,H1,Czujnik wilgotności,85.19,%
2025-05-25T04:44:51.496315,P1,Czujnik ciśnienia,1000.63,hPa
2025-05-25T04:44:51.496451,L1,Czujnik światła,76.29,lx
2025-05-25T04:44:51.710431,L1,Czujnik światła,0,lx
2025-05-25T04:44:51.917354,L1,Czujnik światła,38.29,lx
2025-05-25T04:44:52.122550,L1,Czujnik światła,0,lx
2025-05-25T04:44:52.328013,L1,Czujnik światła,74.56,lx
2025-05-25T04:44:52.502944,H1,Czujnik wilgotności,83.89,%
2025-05-25T04:44:52.532449,L1,Czujnik światła,59.94,lx
2025-05-25T04:44:52.739359,L1,Czujnik światła,51.9,lx
2025-05-25T04:44:52.944545,L1,Czujnik światła,25.78,lx
2025-05-25T04:44:53.151644,L1,Czujnik światła,0,lx
2025-05-25T04:44:53.359847,L1,Czujnik światła,11.42,lx
2025-05-25T04:44:53.501568,T1,Czujnik temperatury,33.38,°C
2025-05-25T04:44:53.517301,H1,Czujnik wilgotności,22.4,%
2025-05-25T04:44:53.563983,L1,Czujnik światła,21.92,lx
2025-05-25T04:44:53.769169,L1,Czujnik światła,65.6,lx
2025-05-25T04:44:53.974257,L1,Czujnik światła,0,lx
2025-05-25T04:44:54.178511,L1,Czujnik światła,0,lx
2025-05-25T04:44:54.386573,L1,Czujnik światła,0,lx
2025-05-25T04:44:54.529891,H1,Czujnik wilgotności,49.8,%
2025-05-25T04:44:54.591033,L1,Czujnik światła,0,lx
2025-05-25T04:44:54.794885,L1,Czujnik światła,0,lx
2025-05-25T04:44:55.000360,L1,Czujnik światła,46.5,lx
2025-05-25T04:44:55.206331,L1,Czujnik światła,0,lx
2025-05-25T04:44:55.409842,L1,Czujnik światła,0,lx
2025-05-25T04:44:55.503456,T1,Czujnik temperatury,30.71,°C
2025-05-25T04:44:55.534127,H1,Czujnik wilgotności,78.3,%
2025-05-25T04:44:55.611534,L1,Czujnik światła,81.31,lx
2025-05-25T04:44:55.814853,L1,Czujnik światła,0,lx
2025-05-25T04:46:34.073713,T1,Czujnik temperatury,31.85,°C
2025-05-25T04:46:34.073840,H1,Czujnik wilgotności,59.33,%
2025-05-25T04:46:34.073930,P1,Czujnik ciśnienia,999.49,hPa
2025-05-25T04:46:34.074238,L1,Czujnik światła,34.41,lx
2025-05-25T04:46:34.289238,L1,Czujnik światła,61.01,lx
2025-05-25T04:46:34.489764,L1,Czujnik światła,0,lx
2025-05-25T04:46:34.696794,L1,Czujnik światła,49.22,lx
2025-05-25T04:46:34.902780,L1,Czujnik światła,45.83,lx
2025-05-25T04:46:35.077028,H1,Czujnik wilgotności,77.32,%
2025-05-25T04:46:35.106531,L1,Czujnik światła,0,lx
2025-05-25T04:46:35.309278,L1,Czujnik światła,79.45,lx
2025-05-25T04:46:35.515684,L1,Czujnik światła,0,lx
2025-05-25T04:46:35.721571,L1,Czujnik światła,0,lx
2025-05-25T04:46:35.924016,L1,Czujnik światła,0,lx
2025-05-25T04:46:36.081769,T1,Czujnik temperatury,30.49,°C
2025-05-25T04:46:36.082710,H1,Czujnik wilgotności,48.1,%
2025-05-25T04:46:36.128570,L1,Czujnik światła,51.29,lx
2025-05-25T04:46:36.330637,L1,Czujnik światła,58.0,lx
2025-05-25T04:46:36.535997,L1,Czujnik światła,9.83,lx
2025-05-25T04:46:36.741398,L1,Czujnik światła,87.16,lx
2025-05-25T04:46:36.944530,L1,Czujnik światła,26.42,lx
2025-05-25T04:46:37.086827,H1,Czujnik wilgotności,36.15,%
2025-05-25T04:46:37.147874,L1,Czujnik światła,0,lx
2025-05-25T04:46:37.350601,L1,Czujnik światła,0,lx
2025-05-25T04:46:37.557867,L1,Czujnik światła,21.33,lx
2025-05-25T04:46:37.765206,L1,Czujnik światła,0,lx
2025-05-25T04:46:37.968978,L1,Czujnik światła,0,lx
2025-05-25T04:46:38.094299,T1,Czujnik temperatury,32.52,°C
2025-05-25T04:46:38.094994,H1,Czujnik wilgotności,82.09,%
2025-05-25T04:46:38.172769,L1,Czujnik światła,77.83,lx
2025-05-25T04:46:38.376614,L1,Czujnik światła,91.48,lx
2025-05-25T04:46:38.580533,L1,Czujnik światła,75.31,lx
2025-05-25T04:46:38.784814,L1,Czujnik światła,0,lx
2025-05-25T04:46:38.986508,L1,Czujnik światła,0,lx
2025-05-25T04:46:41.027932,T1,Czujnik temperatury,31.84,°C
