timestamp,sensor_id,sensor_name,value,unit
2025-05-25T18:24:58.467974,T1,Czujnik temperatury,-10.59,°C
2025-05-25T18:24:58.468248,H1,Czujnik wilgotności,48.38,%
2025-05-25T18:24:58.468368,P1,Czujnik ciśnienia,999.26,hPa
2025-05-25T18:24:58.468455,L1,Czujnik światła,30.08,lx
2025-05-25T18:24:58.668775,L1,Czujnik światła,29.07,lx
2025-05-25T18:24:58.871612,L1,Czujnik światła,0,lx
2025-05-25T18:24:59.073418,L1,Czujnik światła,0,lx
2025-05-25T18:24:59.274261,L1,Czujnik światła,0,lx
2025-05-25T18:24:59.477197,H1,Czujnik wilgotności,44.66,%
2025-05-25T18:24:59.477609,L1,Czujnik światła,86.88,lx
2025-05-25T18:25:01.524891,T1,Czujnik temperatury,-9.42,°C
2025-05-25T18:25:01.525046,H1,Czujnik wilgotności,60.84,%
2025-05-25T18:25:01.726138,L1,Czujnik światła,50.94,lx
2025-05-25T18:25:01.927801,L1,Czujnik światła,84.72,lx
2025-05-25T18:25:02.131751,L1,Czujnik światła,59.1,lx
2025-05-25T18:25:02.333053,L1,Czujnik światła,81.12,lx
2025-05-25T18:25:02.536546,H1,Czujnik wilgotności,56.27,%
2025-05-25T18:25:02.537161,L1,Czujnik światła,0,lx
2025-05-25T18:25:02.739981,L1,Czujnik światła,0,lx
2025-05-25T18:25:02.941186,L1,Czujnik światła,2.32,lx
2025-05-25T18:25:07.086894,H1,Czujnik wilgotności,50.12,%
2025-05-25T18:25:07.087303,L1,Czujnik światła,12.12,lx
2025-05-25T18:25:07.287574,L1,Czujnik światła,52.52,lx
2025-05-25T18:25:07.488487,L1,Czujnik światła,0,lx
2025-05-25T18:25:07.691416,L1,Czujnik światła,0,lx
2025-05-25T18:25:07.893361,L1,Czujnik światła,15.27,lx
2025-05-25T18:25:08.096159,H1,Czujnik wilgotności,62.6,%
2025-05-25T18:25:08.096703,L1,Czujnik światła,0,lx
2025-05-25T18:25:08.297689,L1,Czujnik światła,0,lx
2025-05-25T18:25:08.469806,P1,Czujnik ciśnienia,998.44,hPa
2025-05-25T18:27:53.304128,T1,Czujnik temperatury,-9.67,°C
2025-05-25T18:27:53.304371,H1,Czujnik wilgotności,27.9,%
2025-05-25T18:27:53.304472,P1,Czujnik ciśnienia,1001.35,hPa
2025-05-25T18:27:53.304556,L1,Czujnik światła,16.0,lx
2025-05-25T18:27:53.505045,L1,Czujnik światła,0,lx
2025-05-25T18:27:53.707788,L1,Czujnik światła,0,lx
2025-05-25T18:27:53.908430,L1,Czujnik światła,0,lx
2025-05-25T18:27:54.111398,L1,Czujnik światła,0,lx
2025-05-25T18:27:54.313633,H1,Czujnik wilgotności,45.66,%
2025-05-25T18:27:54.313956,L1,Czujnik światła,0,lx
2025-05-25T18:27:56.372127,T1,Czujnik temperatury,-9.3,°C
2025-05-25T18:27:56.372293,H1,Czujnik wilgotności,73.32,%
2025-05-25T18:27:56.586453,L1,Czujnik światła,22.76,lx
2025-05-25T18:27:56.802094,L1,Czujnik światła,0,lx
2025-05-25T18:27:57.004835,L1,Czujnik światła,32.16,lx
2025-05-25T18:27:57.206273,L1,Czujnik światła,96.46,lx
2025-05-25T18:27:57.376557,H1,Czujnik wilgotności,38.25,%
2025-05-25T18:27:57.406922,L1,Czujnik światła,88.83,lx
2025-05-25T18:27:57.608945,L1,Czujnik światła,0,lx
2025-05-25T18:27:57.811741,L1,Czujnik światła,0,lx
