timestamp,sensor_id,sensor_name,value,unit
2025-05-25T18:28:12.252180,H1,Czujnik wilgotności,48.36,%
2025-05-25T18:28:12.252604,P1,Czujnik ciśnienia,998.96,hPa
2025-05-25T18:28:12.252810,L1,Czujnik światła,11.76,lx
2025-05-25T18:28:12.467966,L1,Czujnik światła,0,lx
2025-05-25T18:28:12.669135,L1,Czujnik światła,9.24,lx
2025-05-25T18:28:12.872804,L1,Czujnik światła,0,lx
2025-05-25T18:28:13.075725,L1,Czujnik światła,23.32,lx
2025-05-25T18:28:13.262255,H1,Czujnik wilgotności,37.15,%
2025-05-25T18:28:13.277654,L1,Czujnik światła,0,lx
2025-05-25T18:28:13.479108,L1,Czujnik światła,0,lx
2025-05-25T18:30:36.206691,T1,Czujnik temperatury,-9.16,°C
2025-05-25T18:30:36.206915,H1,Czujnik wilgotności,22.63,%
2025-05-25T18:30:36.207062,P1,Czujnik ciśnienia,1000.1,hPa
2025-05-25T18:30:36.207163,L1,Czujnik światła,1.29,lx
2025-05-25T18:30:36.408599,L1,Czujnik światła,0,lx
2025-05-25T18:30:36.611842,L1,Czujnik światła,0.28,lx
2025-05-25T18:30:36.814433,L1,Czujnik światła,76.51,lx
2025-05-25T18:30:37.017114,L1,Czujnik światła,0,lx
2025-05-25T18:30:37.219051,H1,Czujnik wilgotności,60.28,%
2025-05-25T18:30:37.219299,L1,Czujnik światła,0,lx
2025-05-25T18:30:39.302843,T1,Czujnik temperatury,-8.5,°C
2025-05-25T18:30:39.302994,H1,Czujnik wilgotności,79.49,%
2025-05-25T18:30:39.503721,L1,Czujnik światła,52.89,lx
2025-05-25T18:30:39.705703,L1,Czujnik światła,0,lx
2025-05-25T18:30:39.920316,L1,Czujnik światła,0,lx
2025-05-25T18:30:40.135787,L1,Czujnik światła,23.01,lx
2025-05-25T18:30:40.307430,H1,Czujnik wilgotności,87.25,%
2025-05-25T18:30:40.338900,L1,Czujnik światła,0,lx
2025-05-25T18:30:40.542431,L1,Czujnik światła,0,lx
2025-05-25T18:30:40.744060,L1,Czujnik światła,0,lx
2025-05-25T18:30:44.839241,H1,Czujnik wilgotności,64.84,%
2025-05-25T18:30:44.839515,L1,Czujnik światła,96.4,lx
2025-05-25T18:30:45.054271,L1,Czujnik światła,0,lx
2025-05-25T18:30:45.256130,L1,Czujnik światła,0,lx
2025-05-25T18:30:45.460237,L1,Czujnik światła,0,lx
2025-05-25T18:30:45.661496,L1,Czujnik światła,76.79,lx
2025-05-25T18:30:45.847332,H1,Czujnik wilgotności,20.56,%
2025-05-25T18:30:45.862738,L1,Czujnik światła,0,lx
2025-05-25T18:30:46.063762,L1,Czujnik światła,0,lx
2025-05-25T18:30:46.219925,P1,Czujnik ciśnienia,999.82,hPa
2025-05-25T18:34:06.250364,T1,Czujnik temperatury,-10.02,°C
2025-05-25T18:34:06.250531,H1,Czujnik wilgotności,62.01,%
2025-05-25T18:34:06.250646,P1,Czujnik ciśnienia,998.36,hPa
2025-05-25T18:34:06.250761,L1,Czujnik światła,66.82,lx
2025-05-25T18:34:06.465105,L1,Czujnik światła,0,lx
2025-05-25T18:34:06.667400,L1,Czujnik światła,0,lx
2025-05-25T18:34:06.869790,L1,Czujnik światła,3.28,lx
2025-05-25T18:34:07.070929,L1,Czujnik światła,0,lx
2025-05-25T18:34:07.256489,H1,Czujnik wilgotności,48.07,%
2025-05-25T18:34:07.286413,L1,Czujnik światła,0,lx
