timestamp,sensor_id,sensor_name,value,unit
2025-05-25T04:48:54.537669,H1,Czujnik wilgotności,21.64,%
2025-05-25T04:48:54.537930,P1,Czujnik ciśnienia,999.47,hPa
2025-05-25T04:48:54.538058,L1,Czujnik światła,0,lx
2025-05-25T04:48:54.746599,L1,Czujnik światła,0,lx
2025-05-25T04:48:54.952306,L1,Czujnik światła,22.24,lx
2025-05-25T04:48:55.156681,L1,Czujnik światła,0,lx
2025-05-25T04:48:55.362196,L1,Czujnik światła,0,lx
2025-05-25T04:48:55.552211,H1,Czujnik wilgotności,44.96,%
2025-05-25T04:48:55.567277,L1,Czujnik światła,0,lx
2025-05-25T04:48:55.771603,L1,Czujnik światła,16.58,lx
2025-05-25T04:48:55.975142,L1,Czujnik światła,4.03,lx
2025-05-25T04:50:26.833268,T1,Czujnik temperatury,32.9,°C
2025-05-25T04:50:26.833406,H1,Czujnik wilgotności,44.36,%
2025-05-25T04:50:26.833499,P1,Czujnik ciśnienia,1004.83,hPa
2025-05-25T04:50:26.833828,L1,Czujnik światła,0,lx
2025-05-25T04:50:27.040094,L1,Czujnik światła,0,lx
2025-05-25T04:50:27.244056,L1,Czujnik światła,91.27,lx
2025-05-25T04:50:27.446222,L1,Czujnik światła,38.86,lx
2025-05-25T04:50:27.651324,L1,Czujnik światła,0,lx
2025-05-25T04:50:27.839867,H1,Czujnik wilgotności,85.17,%
2025-05-25T04:50:27.856044,L1,Czujnik światła,92.76,lx
2025-05-25T04:50:28.059442,L1,Czujnik światła,0,lx
2025-05-25T04:50:28.265189,L1,Czujnik światła,0,lx
2025-05-25T04:50:28.473213,L1,Czujnik światła,59.37,lx
2025-05-25T04:50:28.677006,L1,Czujnik światła,0,lx
2025-05-25T04:50:28.836423,T1,Czujnik temperatury,33.37,°C
2025-05-25T04:50:28.852774,H1,Czujnik wilgotności,86.86,%
2025-05-25T04:50:28.885138,L1,Czujnik światła,0,lx
2025-05-25T04:50:29.089408,L1,Czujnik światła,0,lx
2025-05-25T04:50:29.294904,L1,Czujnik światła,17.54,lx
2025-05-25T04:50:29.497716,L1,Czujnik światła,0,lx
2025-05-25T04:50:29.700989,L1,Czujnik światła,64.61,lx
2025-05-25T04:50:29.857616,H1,Czujnik wilgotności,48.76,%
2025-05-25T04:50:29.903853,L1,Czujnik światła,48.71,lx
2025-05-25T04:50:30.108731,L1,Czujnik światła,0,lx
2025-05-25T04:50:30.317535,L1,Czujnik światła,93.11,lx
2025-05-25T04:50:30.522613,L1,Czujnik światła,0,lx
2025-05-25T04:50:30.730821,L1,Czujnik światła,0,lx
2025-05-25T04:50:30.840381,T1,Czujnik temperatury,32.04,°C
2025-05-25T04:50:30.872541,H1,Czujnik wilgotności,57.71,%
2025-05-25T04:50:30.934464,L1,Czujnik światła,0,lx
2025-05-25T04:50:31.137921,L1,Czujnik światła,0,lx
2025-05-25T04:50:31.342253,L1,Czujnik światła,25.99,lx
2025-05-25T04:50:31.548488,L1,Czujnik światła,77.09,lx
2025-05-25T04:50:31.753857,L1,Czujnik światła,43.65,lx
2025-05-25T04:50:33.530497,T1,Czujnik temperatury,30.59,°C
2025-05-25T04:50:33.530723,H1,Czujnik wilgotności,33.6,%
2025-05-25T04:50:33.530877,P1,Czujnik ciśnienia,999.57,hPa
2025-05-25T04:50:33.531002,L1,Czujnik światła,4.4,lx
2025-05-25T04:50:33.739678,L1,Czujnik światła,40.73,lx
2025-05-25T04:50:33.947300,L1,Czujnik światła,0,lx
2025-05-25T04:50:34.152034,L1,Czujnik światła,90.9,lx
2025-05-25T04:50:34.358773,L1,Czujnik światła,75.51,lx
2025-05-25T04:50:34.532571,H1,Czujnik wilgotności,38.03,%
2025-05-25T04:50:34.564004,L1,Czujnik światła,0,lx
2025-05-25T04:50:34.770741,L1,Czujnik światła,61.22,lx
2025-05-25T04:50:34.976475,L1,Czujnik światła,0,lx
2025-05-25T04:50:35.180548,L1,Czujnik światła,0,lx
2025-05-25T04:50:35.383209,L1,Czujnik światła,0,lx
2025-05-25T04:50:35.540614,T1,Czujnik temperatury,30.55,°C
2025-05-25T04:50:35.541600,H1,Czujnik wilgotności,70.19,%
2025-05-25T04:50:35.586975,L1,Czujnik światła,0,lx
2025-05-25T04:50:35.790952,L1,Czujnik światła,0,lx
2025-05-25T04:50:35.994231,L1,Czujnik światła,88.58,lx
2025-05-25T04:50:36.200666,L1,Czujnik światła,35.35,lx
2025-05-25T04:50:36.407866,L1,Czujnik światła,0,lx
2025-05-25T04:50:36.550606,H1,Czujnik wilgotności,80.35,%
2025-05-25T04:50:36.612845,L1,Czujnik światła,92.73,lx
2025-05-25T04:50:36.819147,L1,Czujnik światła,45.82,lx
2025-05-25T04:50:37.024018,L1,Czujnik światła,23.37,lx
2025-05-25T04:50:37.229075,L1,Czujnik światła,0,lx
2025-05-25T04:50:37.435665,L1,Czujnik światła,0,lx
2025-05-25T04:50:37.545693,T1,Czujnik temperatury,32.62,°C
2025-05-25T04:50:37.561721,H1,Czujnik wilgotności,55.01,%
2025-05-25T04:50:37.640573,L1,Czujnik światła,0,lx
2025-05-25T04:50:37.847411,L1,Czujnik światła,27.82,lx
2025-05-25T04:50:38.055076,L1,Czujnik światła,0,lx
2025-05-25T04:50:38.257410,L1,Czujnik światła,0,lx
2025-05-25T04:50:38.463912,L1,Czujnik światła,0,lx
2025-05-25T04:50:41.091264,T1,Czujnik temperatury,31.34,°C
