timestamp,sensor_id,sensor_name,value,unit
2025-05-25T18:34:07.535737,L1,Czujnik światła,42.68,lx
2025-05-25T18:34:07.751054,L1,Czujnik światła,0,lx
2025-05-25T18:34:07.951702,L1,Czujnik światła,0,lx
2025-05-25T18:34:08.154779,L1,Czujnik światła,0,lx
2025-05-25T18:34:08.263835,T1,Czujnik temperatury,-10.33,°C
2025-05-25T18:34:08.264072,H1,Czujnik wilgotności,19.51,%
2025-05-25T18:34:08.356465,L1,Czujnik światła,92.12,lx
2025-05-25T18:34:08.558473,L1,Czujnik światła,0,lx
2025-05-25T18:34:08.760404,L1,Czujnik światła,39.55,lx
2025-05-25T18:34:08.961433,L1,Czujnik światła,0,lx
2025-05-25T18:34:09.178685,L1,Czujnik światła,0,lx
2025-05-25T18:34:09.272916,H1,Czujnik wilgotności,64.95,%
2025-05-25T18:34:09.381728,L1,Czujnik światła,30.73,lx
2025-05-25T18:34:09.584205,L1,Czujnik światła,0,lx
2025-05-25T18:34:09.785273,L1,Czujnik światła,50.63,lx
2025-05-25T18:34:09.987392,L1,Czujnik światła,0,lx
2025-05-25T18:34:10.188434,L1,Czujnik światła,25.8,lx
2025-05-25T18:34:10.266192,T1,Czujnik temperatury,-11.08,°C
2025-05-25T18:34:10.281721,H1,Czujnik wilgotności,75.67,%
2025-05-25T18:34:10.390887,L1,Czujnik światła,52.83,lx
2025-05-25T18:34:10.622812,L1,Czujnik światła,0,lx
2025-05-25T18:34:10.838793,L1,Czujnik światła,25.45,lx
2025-05-25T18:34:11.045631,L1,Czujnik światła,5.36,lx
2025-05-25T18:34:11.247959,L1,Czujnik światła,41.26,lx
2025-05-25T18:34:11.295414,H1,Czujnik wilgotności,62.05,%
2025-05-25T18:34:11.451206,L1,Czujnik światła,0,lx
2025-05-25T18:34:11.653446,L1,Czujnik światła,42.14,lx
2025-05-25T18:34:11.855284,L1,Czujnik światła,99.72,lx
2025-05-25T18:34:12.057794,L1,Czujnik światła,30.72,lx
2025-05-25T18:34:12.261489,L1,Czujnik światła,91.72,lx
2025-05-25T18:34:12.308222,H1,Czujnik wilgotności,44.7,%
2025-05-25T18:34:12.463989,L1,Czujnik światła,0,lx
2025-05-25T18:34:12.668919,L1,Czujnik światła,0,lx
2025-05-25T18:34:12.871166,L1,Czujnik światła,56.6,lx
2025-05-25T18:34:13.086892,L1,Czujnik światła,91.24,lx
2025-05-25T18:34:13.288219,L1,Czujnik światła,72.0,lx
2025-05-25T18:34:13.319700,H1,Czujnik wilgotności,71.23,%
2025-05-25T18:34:13.491424,L1,Czujnik światła,22.84,lx
2025-05-25T18:34:13.694324,L1,Czujnik światła,0,lx
2025-05-25T18:34:13.898420,L1,Czujnik światła,54.55,lx
2025-05-25T18:34:42.313054,T1,Czujnik temperatury,-10.01,°C
2025-05-25T18:34:42.313271,H1,Czujnik wilgotności,35.83,%
2025-05-25T18:34:42.313428,P1,Czujnik ciśnienia,997.3,hPa
2025-05-25T18:34:42.313559,L1,Czujnik światła,0,lx
2025-05-25T18:34:42.528189,L1,Czujnik światła,6.01,lx
2025-05-25T18:34:42.729606,L1,Czujnik światła,0,lx
2025-05-25T18:34:42.930242,L1,Czujnik światła,76.46,lx
2025-05-25T18:34:43.133414,L1,Czujnik światła,0,lx
2025-05-25T18:34:43.319653,H1,Czujnik wilgotności,76.23,%
2025-05-25T18:34:43.334287,L1,Czujnik światła,60.88,lx
2025-05-25T18:39:14.578469,T1,Czujnik temperatury,-10.32,°C
2025-05-25T18:46:31.005113,T1,Czujnik temperatury,-11.21,°C
2025-05-25T18:48:53.684029,T1,Czujnik temperatury,-8.75,°C
2025-05-25T18:52:05.367363,T1,Czujnik temperatury,-9.89,°C
2025-05-25T18:52:56.301991,T1,Czujnik temperatury,-9.61,°C
2025-05-25T18:56:40.141826,T1,Czujnik temperatury,-8.8,°C
2025-05-25T19:00:13.387555,T1,Czujnik temperatury,-8.83,°C
2025-05-25T19:05:30.107115,T1,Czujnik temperatury,-10.51,°C
2025-05-25T19:08:08.428926,T1,Czujnik temperatury,-8.0,°C
2025-05-25T19:09:22.434618,T1,Czujnik temperatury,-8.64,°C
2025-05-25T19:11:00.524915,T1,Czujnik temperatury,-10.07,°C
2025-05-25T19:14:06.822875,T1,Czujnik temperatury,-8.89,°C
2025-05-25T19:15:22.458768,T1,Czujnik temperatury,-7.87,°C
2025-05-25T19:17:06.295832,T1,Czujnik temperatury,-8.87,°C
2025-05-25T19:19:16.981672,T1,Czujnik temperatury,-9.96,°C
2025-05-25T19:21:50.318014,T1,Czujnik temperatury,-10.61,°C
